book_id,title,book_author,publisher,rights_date,shakespeare,chaucer,spenser,wordsworth,thurlow,milton,pope,dryden,fordyce,coplestone,opie,thackeray,thrale,lloyd,mackintosh,logan,fox,grey,shenstone,tate,me_henry,lingard,barbauld,alison,anstey,butler,jeffrey,thelwall,paley,bacon,curran (irl),brougham,chalmers,jonson,kingsley,spurgeon,lyon,aikin,croly,merrick,jerrold,carpenter,aide,poole,erskine,otway,combe,dimond,wolcot_pindar,desprez,talbot,southern (irl),chatham,pitt,thomson,lamb,walker,talfourd,emmet (irl),grattan,mackenzie,gibbon,ponsonby,barrington,green,bushe,plunket,tickel,parnell,sherlocke,tobin,hume,bart,more,hooke,melmouth,gordon,lyttleton,swift,forsyth,robertson,jewsbury,hooker,burke,home,sheridan,wilson,goldsmith,landor,hood,dickens,a_edwards,clare,e_mackay,jameson,burns,coleridge,collins,buchanan,whittier,rogers,byron,c_mackay,ca_southey,r_southey,barnard,holcroft,dequincey,keats,cowper,tupper,hunt,havergal,macaulay,hervey,froude,yonge,disraeli,bright,gladstone,carlyle,oconnell (irl),gray,motherwell,campbell,blatch,ruskin,atherstone,lyte,scott,mahoney (irl),colman,addison,hemans,mason,carter,gay,prior,baillie,pollock,norton,bulwer,landon,massey,tennyson,r_browning,e_browning,herschell,farnaby,watts,morris,hazlitt,maclagan,chatterton,e_darwin,lowe,bowring,moore (irl),mitford,keble,robinson (irl),newman,king_charles,waring,cranahan,bonar,munby,blackwall,burton,breton,craik_muloch,herbet,planche,barton,alexander (irl),wolfe (irl),benson,macdonald,j_taylor,faber,dufferin (irl),j_montgomery,houghton,percy,tillotson,dobell,cook,swinburn,white,aa_procter,b_procter,shiel (irl) ,arnold,davis,mickle,waller,hogg,shelley,herrick,bailey,parsons,h_taylor,collins,knowles,ingelow,ossian,wesley,,,,,rw_emerson,ns_emerson,hawthorne,longfellow,seward,franklin,jq_adams,adams,jefferson,van_buren,a_jackson,hoyt,polk,motley,simms,chapin,patten,cozzens,walworth,marks,clinton,bf_taylor,nott,fern,neal,coates,osgood,sears,fuller,whitney,clay,channing,t_dwight,grimke,dwight_moody,colton,malcolm,bronson,allerton,coan,ih_brown,g_brown,DeKroyft,garfield,holt,curtis,wirt,hayne,beers,blaine,cleveland,sprague,warner,thaxter,sargent,allston,story,aldrich,baker,whittaker,lowell,kellogg,holmes,headley,a_stephens,gilman,e_brooks,irving,randolph,poe,howe,arey,stedman,bungay,thorpe,trowbridge,bryant,dana,davidson,hay,r_johnson,macon,priest,cary,read,wilcox,finch,perry,yates,burritt,a_woods,woodworth,whitman,lincoln,whipple,phillips,l_beecher,hw_beecher,everett,cox,schaff,dewey,ward,pierpont,twain,otis,willis,harbaugh,burdette,gough,henry,sigourney,berkley,billings,percival,webster,rush,saxe,hamilton,greene,clark,tilton,parker,swan,ware,holland,bancroft,sheppard,stowe,scudder,hall,halleck,carey,hoppin,proudfit_arkwright,talmadge,boker,dunn,bigelow,mccallum,j_miller,w_miller,hartwick,sweet,patten,pettee,heber,prentice,smith,sf_smith,g_smith,mcduffie,marion,booth,carleton,harte,l_montgomery (can),demille (can),koetzebue (ger),korner (ger),gerhardt (ger),schiller (ger),goethe (ger),thornton (aus),psalms,voiture (fr),michelet (fr),delisle (fr),vossius (dutch),bremer (swed),josephus (rome),cicero (rome),dionysus (rome),quintilian (rome),virgil (rome),john ix (rome),aristotle (greek),socrates (greek),clito  (greek),demostenes (gr),rolland (fr),massillon (fr),coppee (fr),port_royal (fr),camvray (fr),rollin (fr),de_born (fr),hugo (fr),derzhavin (rus),souvestre (fr),faliero (italy),logan (cuyahoga),bible,anonymous,publisher_nationality,brit_count,american_count,nationality_match
coo1.ark:/13960/t2m623920,"The elements of elocution, with special reference to the literary basis of delivery, including selections in poetry and prose for reading and recitation. A class-book for schools and private students.","Clegg, Charles E.","G. Philip, 1890.",1890,17,,,,,,,,,,,,,,,,,,,,,,,,,,,,,,,,,,,,,,,,,,,,,,,,,,,,,,,,,,,,,,,,,,,,,,1,,,,,,,,,,,,,,,2,,1,1,3,6,,,2,,2,1,1,1,2,1,1,1,,1,,,,1,1,,1,1,1,,,,1,1,1,1,,,,,,1,,0,0,,,2,0,,,,,,,0,,0,,0,0,0,,,,,,0,,,,0,0,,0,0,0,0,0,0,0,0,,0,0,0,0,,0,0,0,,,0,0,0,,0,,,0,0,,0,0,0,,0,0,0,,,0,0,0,,0,,0,,,0,,,,,0,,,6,,,,,,,,,,,,,,,,,,,,,,,,,,,,,,,,,,,,0,0,,,,,,,,,,,,,0,,,,,,,3,,1,,,,,1,,2,0,,0,0,0,0,0,0,,0,0,0,0,0,0,0,0,1,0,,,0,0,0,0,0,,0,0,0,0,0,0,,0,,,,0,0,,,,0,,,,,,,,,,,,,,0,,,,,,,,,,,,,,,,,,,,,,,,,,,,1,,,,,0,,0,0,,,,0,,,,,,,,,,,,,,,,,,,,,,1,,,,2,eng,28,6,1
coo1.ark:/13960/t58d0gk82,The American star speaker and model elocutionist.,"Brown, Charles Walter, 1866-1934.",M.A. Donohue & co. [c1902],1902,2,,,,,,,,,,,,,,,,,,,,,,,,,,,,,,,,,,,,,,,,,,,,,,,,,,,,,,,,,,,,,,,,,,,,,,0,,,,,,,,,,,,,,,0,,0,1,3,1,,,0,,2,0,0,0,2,0,1,0,,1,,,,0,1,,1,0,2,,,,0,0,0,0,,,,1,,1,,1,3,,,0,3,,,,,,,1,,1,,6,2,2,,,,,,1,,,,1,6,,1,1,1,1,1,1,1,1,,1,1,1,1,,2,1,1,,,1,2,1,,1,,,2,1,,1,1,1,,1,1,1,,,1,1,1,,1,,1,,,1,,,,,1,,,6,,,,,,,,,,,,,,,,,,,,,,,,,,,,,,,,,,,,1,3,,,,,,,,,,,,,1,,,,,,,0,,5,,,,,0,,2,1,,2,1,1,1,3,1,,2,1,1,1,1,2,1,1,0,1,,,1,1,1,1,1,,1,1,1,1,1,3,,1,,,,2,1,,,,4,,,,,,,,,,,,,,1,,,,,,,,,,,,,,,,,,,,,,,,,,,,1,,,,,1,,1,1,,,,1,,,,,,,,,,,,,,,,,,,,,,,,,,11,usa,58,43,0
coo1.ark:/13960/t6nz8rs9s,The Delsarte system of physical culture.,"Georgen, Eleanor.","Butterick Pub. Co., 1893.",1893,n/a,,,,,,,,,,,,,,,,,,,,,,,,,,,,,,,,,,,,,,,,,,,,,,,,,,,,,,,,,,,,,,,,,,,,,,,,,,,,,,,,,,,,,,,,,,,,,,,,,,,,,,,,,,,,,,,,,,,,,,,,,,,,,,,,,,,,,,,,,,,,,,,,,,,,,,,,,,,,,,,,,,,,,,,,,,,,,,,,,,,,,,,,,,,,,,,,,,,,,,,,,,,,,,,,,,,,,,,,,,,,,,,,,,,,,,,,,,,,,,,,,,,,,,,,,,,,,,,,,,,,,,,,,,,,,,,,,,,,,,,,,,,,,,,,,,,,,,,,,,,,,,,,,,,,,,,,,,,,,,,,,,,,,,,,,,,,,,,,,,,,,,,,,,,,,,,,,,,,,,,,,,,,,,,,,,,,,,,,,,,,,,,,,,,,,,,,,,,,,,,,,,,,,,,,
hvd.32044014467336,"The art of oratory, system of Delsarte, from the French of M. l'abbe Delaumosne and Mme. Angelique Arnaud, (pupils of Delsarte). With an essay on the attributes of reason, by FrancÃúois Delsarte. (The only authentic published production from his pen.)","Delaumosne, Abb'e.","E.S. Werner, 1884.",1884,n/a,,,,,,,,,,,,,,,,,,,,,,,,,,,,,,,,,,,,,,,,,,,,,,,,,,,,,,,,,,,,,,,,,,,,,,,,,,,,,,,,,,,,,,,,,,,,,,,,,,,,,,,,,,,,,,,,,,,,,,,,,,,,,,,,,,,,,,,,,,,,,,,,,,,,,,,,,,,,,,,,,,,,,,,,,,,,,,,,,,,,,,,,,,,,,,,,,,,,,,,,,,,,,,,,,,,,,,,,,,,,,,,,,,,,,,,,,,,,,,,,,,,,,,,,,,,,,,,,,,,,,,,,,,,,,,,,,,,,,,,,,,,,,,,,,,,,,,,,,,,,,,,,,,,,,,,,,,,,,,,,,,,,,,,,,,,,,,,,,,,,,,,,,,,,,,,,,,,,,,,,,,,,,,,,,,,,,,,,,,,,,,,,,,,,,,,,,,,,,,,,,,,,,,,,
hvd.32044079736146,"Lectures and practical lessons in the three departments of English literature,elocution, and composition,given during the past twenty years as professor at Antioch College,Yellow Springs,O.; before various institutions and associations in Cincinnati,O.;in Boston,Mass.; and yearly delivered in the Meadville Theological School,Meadville,Penn.,as non-resident professor.","Zachos, J. C. 1820-1898.","printed by Rand,Avery,& Frye, 1870.",1870,4,1,1,1,,1,,,,,,,,,,,,,,,,,,,,,,,,,,,,,,,,,,,,,,,,,,,,,,,,,,,,,,,,,,,,,,,,,,,,,,,,,,,,,,,,0,,0,0,0,0,,,0,,1,1,0,0,0,0,0,0,,0,,,,0,0,,0,0,0,,,,0,0,0,0,,,,,,0,,0,0,,,0,0,,,,,,,0,,0,,0,0,0,,,,,,0,,,,0,0,,0,0,0,0,0,0,0,0,,0,0,0,0,,0,0,0,,,0,0,0,,0,,,0,0,,0,0,0,,0,0,0,,,0,0,0,,0,1,0,1,,0,,,,,0,,,0,,,,,,,,,,,,,,,,,,,,,,,,,,,,,,,,,,,,0,0,,,,,,,,,,,,,0,,,,,,,0,,0,,,,,0,,0,0,,0,0,0,0,0,0,,0,0,0,0,0,0,0,0,0,0,,,0,0,0,0,0,,0,0,0,0,0,0,0,0,,,,0,0,,,,0,,,,,,,,,,,,,,0,,,,,,,,,,,,,,,,,,,,,,,,,,,,0,,,,,0,,0,0,,,,0,,,,,,,,1,,,,,,,,,,,,,,0,,,,0,usa,7,0,0
hvd.hn5axc,Reading and elocution: theoretical and practical.,"Randall Diehl, Anna.","Ivison, Blakeman, Taylor & co., 1878.",1878,3,0,0,0,,0,1,,,,,,,,,,,,,,,,,,,,,,,,,,,,,,,,,,,,,,,,,,,,,,,,,,,,,,,1,,,,,,,,,1,,,,,,,,,,,,,,,1,1,0,0,1,3,,1,0,1,0,0,0,0,1,0,0,0,4,0,1,1,1,0,0,,0,0,2,,,,1,0,0,0,,1,2,1,,2,,0,2,,,0,2,,,,,,,0,2,0,,6,1,3,,,,1,1,0,1,,,0,0,,0,0,0,0,0,0,0,0,,0,0,0,0,,0,0,0,,,0,0,0,,0,1,,0,0,1,0,1,1,,0,0,0,,,1,0,0,,0,0,1,0,,0,,,,,1,,1,5,,,,,1,,,,,,,,,,,,,2,,1,,,,,,,1,,,,,,,,,0,0,1,1,,,,,,,,,,,0,,,,2,,,2,,4,,,,,2,,2,0,1,0,1,0,3,0,0,1,0,0,0,1,2,1,0,0,0,0,,,0,0,0,0,0,,1,0,0,0,0,0,2,0,,,1,0,2,,1,,0,2,2,,2,1,,2,1,1,1,1,,,0,,,,1,,,,,,,1,,,,,,,,,,,,,,,,,0,,1,,,,1,,,1,,,,,1,,,,,,,,,,,1,,,,,,,1,1,,,,,6,usa,36,38,1
hvd.hwhitn,"A practical manual of elocution : embracing voice and gesture : designed for schools, academies and colleges, as well as for private learners / by Merritt Caldwell.","Caldwell, Merritt, 1806-1848.","Sorin & Ball, 1845.",1845,5,0,0,0,,0,0,,,,,,,,,,,,,,,,,,,,,,,,,,,,,,,,,,,,,,,,,,,,,,,,,,,,,,,0,,,,,,,,,0,,,,,,,,,,,,,,,0,0,0,0,0,0,,0,0,0,0,0,0,0,0,0,0,0,0,0,0,0,0,0,0,,0,0,0,,,,0,0,0,0,,0,0,0,,0,,0,0,,,0,0,,,,,1,,0,0,0,,0,0,0,,,,0,0,0,0,,,0,0,,0,0,0,0,0,0,0,0,,0,0,0,0,,0,0,0,,,0,0,0,,0,0,,0,0,0,0,0,0,,0,0,0,,,0,0,0,,0,0,0,0,,0,,,,,0,,0,0,,,,,0,,,,,,,,,,,,,0,,0,,,,,,,0,,,,,,,,,0,0,0,0,,,,,,,,,,,0,,,,0,,,0,,0,,,,,0,,0,0,0,0,0,0,0,0,0,0,0,0,0,0,0,0,0,0,0,0,,,0,0,0,0,0,,0,0,0,0,0,0,0,0,,,0,0,0,,0,,0,0,0,,0,0,,0,0,0,0,0,,,0,,,,0,,,,,,,0,,,,,,,,,,,,,,,,,0,,0,,,0,0,0,0,0,,,0,,0,,,,,,0,,,,,0,,,,,,,0,0,0,,,,0,usa,1,0,0
hvd.hwpa9a,"The art of elocution; or, logical and musical reading and declamation. With an appendix containing a copious practice in oratorical, poetical, and dramatic reading and recitation; the whole forming a complete speaker, well adapted to private pupils, classes, and the use of schools.","Vandenhoff, George, 1820-1885.","Shepard, 1847 [c1846]",1846,9,0,0,0,,0,1,,,,,,,,,,,,,,,,,,,,,,,,,,,1,,,,,,,,,,,1,1,,,,,,,1,,,1,,1,,1,1,0,,,,,,,,,0,2,,,,,,,,1,1,,,1,,1,0,0,0,0,0,,0,0,0,0,0,1,0,0,0,5,0,0,0,0,0,0,0,2,1,2,0,0,,,,0,0,0,0,,1,1,2,,0,,0,1,,1,2,2,,,,,0,,0,2,0,,0,0,0,,,,0,0,0,0,1,,0,1,,0,0,0,0,0,0,0,0,,0,0,0,0,,0,0,0,,,0,0,0,,0,0,,0,0,0,0,0,0,,0,0,0,,,0,0,0,,0,0,0,0,,0,,,,,0,,0,0,,,,,0,,,,,,,,,,,,,0,,0,,,,,,,1,,,,,,,,,0,0,0,0,,,,,,,,,,,0,,1,,0,,,0,,0,,,,,0,1,0,0,0,0,0,0,0,1,0,0,0,0,0,0,0,0,0,0,0,0,,,0,0,0,0,1,,0,0,0,0,0,0,0,0,,2,0,0,0,,0,,0,0,1,,0,0,,0,0,0,0,0,,,0,,,,0,,,,,,,0,,,,,,,,,,,,,,,,,0,1,0,,,0,0,0,0,0,,,0,,0,,,,,,0,,,,,0,,,,,,,0,0,0,,,,0,eng,30,8,1
hvd.hwsk53,"Hints on elocution, comprising observations on the improvement and management of the voice, modulation, articulation, etc.; original, compiled and selected from Austin, Blair, Burgh etc., etc.","Smith, Charles William, of-?","G. Biggs, 1850.",1850,1,0,0,0,,0,0,,,,,,,,,,,,,,,,,,,,,,,,,,,0,,,,,,,,,,,0,0,,,,,1,1,0,,,0,,0,,0,0,0,,,,,,,,,0,0,,,,,,,,0,0,,,0,,0,0,0,0,0,0,,0,0,0,0,0,0,0,0,0,0,0,0,0,0,0,0,0,0,0,0,0,0,,,,0,0,0,0,,0,0,0,,0,,0,0,,0,0,0,,,,,0,,0,0,0,,0,0,0,,,,0,0,0,0,0,,0,0,,0,0,0,0,0,0,0,0,,0,0,0,0,,0,0,0,,,0,0,0,,0,0,,0,0,0,0,0,0,,0,0,0,,,0,0,0,,0,0,0,0,,0,,,,,0,,0,0,,,,,0,,,,,,,,,,,,,0,,0,,,,,,,0,,,,,,,,,0,0,0,0,,,,,,,,,,,0,,0,,0,,,0,,0,,,,,0,0,0,0,0,0,0,0,0,0,0,0,0,0,0,0,0,0,0,0,0,0,,,0,0,0,0,0,,0,0,0,0,0,0,0,0,,0,0,0,0,,0,,0,0,0,,0,0,,0,0,0,0,0,,,0,,,,0,,,,,,,0,,,,,,,,,,,,,,,,,0,0,0,,,0,0,0,0,0,,,0,,0,,,,,,0,,,,,0,,,,,,,0,0,0,,,,0,usa,3,0,0
hvd.hwsk57,Practical elocution : for use in colleges and schools and by private students / by J.W. Shoemaker.,"Shoemaker, J. W. 1842-1880.","National School of Elocution and Oratory, 1883, c1878.",1883,34,0,0,0,,0,2,,,,1,1,,,,,,,,,,,,,,,,,,,,,,0,1,1,,,,,,,1,,0,0,,1,,,0,0,1,1,,0,,0,1,2,0,0,,,,,,,,,0,0,,,,,,,,0,1,,,0,,0,0,0,0,0,5,,0,1,0,0,0,0,0,6,0,2,0,0,0,0,0,0,0,0,0,0,0,0,,,,0,0,0,0,,0,0,1,,1,,0,7,1,0,3,1,,,,,0,,0,0,0,,10,0,2,,,,0,0,0,0,0,,0,0,3,0,0,0,0,0,0,0,0,,0,0,0,0,,0,2,0,,,0,0,0,1,0,0,,0,0,1,0,1,0,,0,0,0,,,0,0,0,,0,0,1,0,,0,,,,,0,,0,10,,,,1,1,,1,,,,,,,,,,,1,,0,,2,,,,,0,,,,,,,1,,0,0,0,0,,,,,,,,,,1,0,,0,,0,2,,0,4,1,,1,,4,0,0,3,0,0,0,0,0,0,5,1,0,0,0,0,0,0,1,1,0,0,0,,,0,0,0,0,0,3,4,2,0,0,0,0,0,2,1,0,0,0,1,,0,,0,0,3,,1,0,2,0,0,0,0,0,1,,1,1,,,0,,1,,1,,,0,,2,,,,,,,2,,,,,,,,0,0,0,,,0,1,0,0,0,,,0,,0,,,,,,0,,,,,0,,,,,,,1,0,0,,,22,0,usa,31,33,1
hvd.hwsk5u,"Principles of elocution and vocal culture : in which the rules for correct reading and speaking, and directions for improving and strengthening the voice, are given / By Rev. B.W. Atwell.","Atwell, Benjamin W.","B. Williams News Co., 1867.",1867,4,0,0,0,,0,0,,1,,0,0,1,,,,,,,,,,,,,,,,,,,,,0,0,0,,,,1,,,0,,0,0,,1,,,0,0,0,0,,0,,0,0,0,0,0,,,,,,,,,0,0,,,,,,,,0,0,,,0,,0,0,0,0,0,1,,0,0,0,0,0,0,0,0,0,0,0,1,0,0,0,0,0,0,0,0,0,0,,,,0,0,0,0,,0,0,0,,0,,0,0,0,1,0,0,,,,,0,,0,0,0,,1,0,0,,,,0,0,0,0,0,,0,0,0,0,0,0,0,0,0,0,0,,0,0,0,0,,0,0,0,,,0,0,0,0,0,0,1,0,0,0,0,0,0,,0,0,0,,,0,0,0,,0,0,1,0,,0,,,,,0,,0,0,,,,0,0,,0,,,,,,,,,,,0,,0,,0,,,,,0,,,,,1,,0,,0,0,0,0,,,,,,,,,,0,0,,0,,0,0,,0,0,0,,0,1,0,0,0,0,0,0,0,0,0,1,2,0,0,0,0,0,0,0,0,0,0,0,0,,,0,0,0,0,0,0,0,1,0,0,0,0,0,0,0,0,0,0,0,,0,,0,1,1,,0,0,0,0,0,0,0,0,0,1,0,0,,,1,,0,,0,,,0,,0,,,,,,,0,,,,,,,,0,0,0,,,0,0,0,0,0,,,0,,0,,,,,,0,,,,,0,,,,,,,0,0,0,,,0,0,usa,11,8,0
hvd.hwsk64,Common school elocution and oratory: a manual of vocal culture based upon scientific principles ... By I. H. Brown.,"Brown, Isaac Hinton, 1842-1889.","I. H. Brown & Co., 1885.",1885,6,0,0,0,,1,0,,0,,0,0,0,,,,,,,,,1,,,,,,,,,,,,0,0,0,,,1,0,1,1,0,1,0,0,,0,,,0,0,0,0,,0,,0,0,0,0,0,,,,,,,,,0,0,,,,,,,,0,0,,,1,,1,0,0,0,1,0,1,0,0,0,0,0,0,0,0,0,3,0,0,0,0,0,0,0,0,0,0,0,1,,,,0,0,0,0,1,0,0,0,,0,,0,2,0,0,1,0,,,,,0,,0,0,0,,3,0,0,,,,0,0,0,0,0,,0,0,1,0,0,0,0,0,0,0,0,,0,0,0,0,,0,0,0,,1,0,0,0,0,0,0,0,0,0,0,0,0,0,,0,0,0,,,0,0,0,,0,0,0,0,,0,,,,,0,,0,3,,,,0,0,,0,,,,,,,,,,,1,,0,,0,,,,,0,,,,1,0,,0,,0,1,0,0,1,,1,1,,,1,1,,0,0,,0,1,0,0,,0,1,0,,0,0,0,1,0,2,0,0,0,0,0,0,3,0,0,0,0,0,0,0,1,0,0,0,0,,,0,0,0,0,0,0,1,1,0,0,0,0,0,4,0,1,0,0,1,1,1,1,0,0,0,,1,0,0,1,0,0,0,0,0,0,0,0,,,0,1,0,,0,,,0,1,0,,,,1,,,1,,,,,,,,0,0,0,,,0,0,1,0,0,,,0,,0,,,,,,0,,,,,0,1,,,,,,0,0,0,,,2,5,usa,19,28,1
hvd.hx51z2,"The culture of voice and speech; an introductory lecture on elocution, considered in reference to public & social life.","Plumptre, Charles John, 1818-1887.","T.J. Allman, 1874.",1874,n/a,,,,,,,,,,,,,,,,,,,,,,,,,,,,,,,,,,,,,,,,,,,,,,,,,,,,,,,,,,,,,,,,,,,,,,,,,,,,,,,,,,,,,,,,, ,,,,,,,,,,,,,,,,,,,,,,,,,,,,,,,,,,,,,,,,,,,,,,,,,,,,,,,,,,,,,,,,,,,,,,,,,,,,,,,,,,,,,,,,,,,,,,,,,,,,,,,,,,,,,,,,,,,,,,,,,,,,,,,,,,,,,,,,,,,,,,,,,,,,,,,,,,,,,,,,,,,,,,,,,,,,,,,,,,,,,,,,,,,,,,,,,,,,,,,,,,,,,,,,,,,,,,,,,,,,,,,,,,,,,,,,,,,,,,,,,,,,,,,,,,,,,,,,,,,,,,,,,,,,,,,,,,,,,,,,,,,,,,,,,,,,,,,,,,,,,,,,,,,,,,,,,,,,,,,
loc.ark:/13960/t00z8fm98,"The vestibule of eloquence. Original articles, oratorical and poetical, intended as exercises in recitations, at the Institution, Bedford place, Russell square.","Thelwall, John, 1764-1834.","Printed for the author by J. McCreery, 1810.",1810,1,0,0,0,,0,0,,0,,0,0,0,,,,,,,,,0,1,,1,,,1,,,,,,0,0,0,,,0,0,0,0,0,0,0,0,,0,1,,0,0,0,0,,0,,0,0,0,0,0,,,,,,,,,0,0,,,,,,,,0,0,,,1,,0,0,0,0,0,0,0,0,0,0,0,0,0,0,0,0,0,0,0,0,0,0,0,0,0,0,0,0,0,,,,0,0,0,0,0,0,0,0,,0,,0,0,0,0,0,0,,,,,0,,0,0,0,,0,0,0,,,,0,0,0,0,0,,0,0,0,0,0,0,0,0,0,0,0,,0,0,0,0,,0,0,0,,0,0,0,0,0,0,0,0,0,0,0,0,0,0,,0,0,0,,,0,0,0,,0,0,0,0,,0,,,,,0,,0,0,,,,0,0,,0,,,,,,,,,,,0,,0,,0,,,,,0,,,,0,0,,0,,0,0,0,0,0,,0,0,,,0,0,,0,0,,0,0,0,0,,0,0,0,,0,0,0,0,0,0,0,0,0,0,0,0,0,0,0,0,0,0,0,0,0,0,0,0,0,,,0,0,0,0,0,0,0,0,0,0,0,0,0,0,0,0,0,0,0,0,0,0,0,0,0,,0,0,0,0,0,0,0,0,0,0,0,0,,,0,0,0,,0,,,0,0,0,,,,0,,,0,,,,,,,,0,0,0,,,0,0,0,0,0,,,0,,0,,,,,1,0,,,,,0,0,1,,,,,0,0,0,,,0,0,eng,6,0,
loc.ark:/13960/t04x6kc12,Brown's standard elocution and speaker; a thoroughly practical treatise on the science and art of human expression. by Professor I. H. Brown. Rev. and enl. by Charles Walter Brown.,"Brown, Isaac Hinton, 1842-1889.",Laird and Lee [c1911],1911,4,0,0,0,,0,0,,0,,0,0,0,,,,,,,,,0,0,,0,,,0,,,,,,0,0,0,,,2,0,0,3,0,0,0,0,,0,0,1,0,0,0,0,,0,,0,1,0,0,0,,,,,,,,,0,0,,,,,,,,0,0,,,2,,0,0,0,0,0,2,1,0,0,0,0,0,0,0,0,0,1,2,0,0,0,0,0,0,0,0,0,0,0,,,,0,0,0,0,0,0,0,0,,0,,0,3,0,0,0,0,,,,,0,,,0,0,,0,0,0,,,,0,0,0,0,0,,0,2,2,0,0,0,0,0,0,0,0,,0,0,1,0,,0,0,0,,0,2,0,0,0,0,0,0,0,0,0,0,0,0,,0,0,0,,,0,0,0,,0,0,0,0,,0,,,,,0,1,0,0,,,,0,0,,0,,,,,,,,,,,2,,0,,0,,,,,1,,,,0,0,,0,3,0,4,0,0,1,2,0,0,1,,0,0,,0,0,1,0,0,0,0,1,0,0,0,1,0,0,0,0,0,0,0,0,0,0,0,1,0,0,0,0,0,0,0,0,1,0,0,0,0,,,0,0,0,0,0,0,0,2,0,0,0,0,0,0,0,1,0,1,0,1,1,0,0,0,0,,0,0,0,0,0,0,0,0,0,1,0,0,,1,0,0,0,,0,,1,0,0,0,,,,0,2,,1,,,,,,,1,2,0,0,,,0,0,0,0,0,,,0,,0,,,,,0,0,,,,,0,0,0,,,,,0,0,,,,0,0,usa,15,25,1
loc.ark:/13960/t0bv8rs7b,Practical elocution:,"Sweet, Samuel Niles, b. 1805.","E. H. Pease, 1846.",1846,15,0,0,0,1,4,1,,0,,0,0,0,,,,,,,,,0,0,,0,,,1,,,,,,0,0,0,,1,0,0,0,0,0,0,0,0,2,0,0,0,0,0,0,2,,0,,0,1,0,0,0,,,,,,,,,0,0,,,,,,,,0,0,,,3,1,1,0,0,0,0,0,0,0,0,0,1,0,0,0,0,0,3,0,0,0,0,0,0,0,0,0,0,0,0,,,,0,0,0,0,0,0,0,2,,0,,0,0,0,0,0,1,,,,,0,,0,0,0,,0,0,0,1,,,1,0,0,0,0,,0,2,1,0,0,0,0,0,0,0,0,,0,0,0,0,,0,0,1,,0,0,0,0,1,0,0,0,0,0,0,0,0,0,1,0,0,0,,,0,0,0,,0,0,3,0,2,0,,,,,0,0,0,0,1,1,1,0,2,1,1,,1,,,,,,1,1,1,0,1,0,,1,,,,,2,1,,,0,0,1,0,0,0,0,0,0,0,0,1,1,0,,0,0,1,0,0,0,0,0,0,0,0,0,0,0,0,0,0,0,0,0,0,0,0,0,0,0,0,1,0,0,0,0,0,0,0,0,0,0,0,0,,1,0,0,0,0,1,0,0,0,0,0,0,0,0,0,0,0,0,0,0,1,1,0,0,0,7,1,0,0,0,0,0,0,0,0,0,0,0,0,,1,1,0,0,,0,,0,0,0,0,,,3,0,0,1,0,,1,1,1,1,,0,0,0,0,1,,0,1,0,0,0,,,0,,0,1,2,,,0,0,,,,1,0,0,0,,,1,,0,0,0,,1,6,3,usa,25,32,1
loc.ark:/13960/t0ks80001,Manual of elocution: embracing the philosophy of vocalization... By Prof. C.P. Bronson. Ed. by Laura M. Bronson.,"Bronson, C. P.",J.P. Morton and company [1873],1873,13,0,0,0,0,2,0,,0,,0,0,0,,,,,,,,,0,0,,0,,,0,,,,,,0,0,0,,0,0,0,0,0,0,0,0,0,0,0,0,0,0,0,0,0,,0,,0,0,0,0,0,,,,,,,,,0,0,,,,,,,,0,0,,,0,0,0,0,0,0,1,5,0,0,3,0,0,1,0,0,2,5,8,0,3,0,0,0,0,0,0,1,0,0,2,,,,0,0,0,0,0,0,0,1,,0,1,0,2,0,0,1,0,,,,,0,7,1,0,0,6,2,1,1,0,,1,0,0,0,0,0,,0,2,1,0,0,0,0,0,0,0,0,,0,0,0,0,2,0,0,0,,0,0,0,0,0,0,0,0,0,1,0,0,0,0,0,0,0,0,,,0,0,0,1,0,0,0,1,0,0,,,,,0,0,0,1,0,0,0,0,0,0,0,1,0,1,2,3,,1,0,0,0,0,0,0,2,0,1,1,1,1,0,1,1,,0,0,0,0,0,0,0,0,0,0,0,0,0,0,,0,0,0,0,0,0,0,0,0,0,0,2,0,2,0,0,0,0,0,0,0,0,0,0,0,0,0,0,0,0,0,0,0,0,0,1,0,0,0,0,,0,0,0,0,0,0,0,2,0,0,0,0,0,0,0,0,2,0,0,0,0,0,0,0,0,0,0,0,0,0,1,0,0,0,1,0,0,0,1,1,0,1,1,0,,0,,0,0,0,0,,,0,0,0,0,2,,0,0,0,0,2,0,0,0,0,0,,0,0,0,0,6,,1,1,,0,0,0,,,0,0,,,,0,0,0,0,,,0,,0,0,0,,0,3,,usa,29,25,0
loc.ark:/13960/t1ng5xp4r,Comstock's elocution and model speaker .../ by Andrew Comstock ; to which is added a complete speaker and reading book of gems by the best authors in prose and verse / by Philip Lawrence.,"Comstock, Andrew, 1795-1864.","T.B. Peterson, 1871.",1871,,,,,,,,,,,,,,,,,,,,,,,,,,,,,,,,,,,,,,,,,,,,,,,,,,,,,,,,,,,,,,,,,,,,,,,,,,,,,,,,,,,,,,,,,,,,,,,,,,,,,,,,,,,,,,,,,,,,,,,,,,,,,,,,,,,,,,,,,,,,,,,,,,,,,,,,,,,,,,,,,,,,,,,,,,,,,,,,,,,,,,,,,,,,,,,,,,,,,,,,,,,,,,,,,,,,,,,,,,,,,,,,,,,,,,,,,,,,,,,,,,,,,,,,,,,,,,,,,,,,,,,,,,,,,,,,,,,,,,,,,,,,,,,,,,,,,,,,,,,,,,,,,,,,,,,,,,,,,,,,,,,,,,,,,,,,,,,,,,,,,,,,,,,,,,,,,,,,,,,,,,,,,,,,,,,,,,,,,,,,,,,,,,,,,,,,,,,,,,,,,,,,,,,,, 
loc.ark:/13960/t2989hq3c,"A text-book of elocution, by Maria Porter Brace, A. B. (Mrs. Kimball)","Kimball, Maria Porter Brace, Mrs., 1852-1933.","Leach, Shewell, & Sanborn [c1892]",1892,,,,,,,,,,,,,,,,,,,,,,,,,,,,,,,,,,,,,,,,,,,,,,,,,,,,,,,,,,,,,,,,,,,,,,,,,,,,,,,,,,,,,,,,,,,,,,,,,,,,,,,,,,,,,,,,,,,,,,,,,,,,,,,,,,,,,,,,,,,,,,,,,,,,,,,,,,,,,,,,,,,,,,,,,,,,,,,,,,,,,,,,,,,,,,,,,,,,,,,,,,,,,,,,,,,,,,,,,,,,,,,,,,,,,,,,,,,,,,,,,,,,,,,,,,,,,,,,,,,,,,,,,,,,,,,,,,,,,,,,,,,,,,,,,,,,,,,,,,,,,,,,,,,,,,,,,,,,,,,,,,,,,,,,,,,,,,,,,,,,,,,,,,,,,,,,,,,,,,,,,,,,,,,,,,,,,,,,,,,,,,,,,,,,,,,,,,,,,,,,,,,,,,,,,
loc.ark:/13960/t4qj8q54t,"Practical work on elocution,","Lyon, O. L. [from old catalog]","Crawford mirror print, 1890.",1890,,,,,,,,,,,,,,,,,,,,,,,,,,,,,,,,,,,,,,,,,,,,,,,,,,,,,,,,,,,,,,,,,,,,,,,,,,,,,,,,,,,,,,,,,,,,,,,,,,,,,,,,,,,,,,,,,,,,,,,,,,,,,,,,,,,,,,,,,,,,,,,,,,,,,,,,,,,,,,,,,,,,,,,,,,,,,,,,,,,,,,,,,,,,,,,,,,,,,,,,,,,,,,,,,,,,,,,,,,,,,,,,,,,,,,,,,,,,,,,,,,,,,,,,,,,,,,,,,,,,,,,,,,,,,,,,,,,,,,,,,,,,,,,,,,,,,,,,,,,,,,,,,,,,,,,,,,,,,,,,,,,,,,,,,,,,,,,,,,,,,,,,,,,,,,,,,,,,,,,,,,,,,,,,,,,,,,,,,,,,,,,,,,,,,,,,,,,,,,,,,,,,,,,,,
loc.ark:/13960/t52f91111,"Lessons in elocution, including vocal and physical culture.","Dean, Carrie. [from old catalog]","Review and herald steam press, 1882.",1882,,,,,,,,,,,,,,,,,,,,,,,,,,,,,,,,,,,,,,,,,,,,,,,,,,,,,,,,,,,,,,,,,,,,,,,,,,,,,,,,,,,,,,,,,,,,,,,,,,,,,,,,,,,,,,,,,,,,,,,,,,,,,,,,,,,,,,,,,,,,,,,,,,,,,,,,,,,,,,,,,,,,,,,,,,,,,,,,,,,,,,,,,,,,,,,,,,,,,,,,,,,,,,,,,,,,,,,,,,,,,,,,,,,,,,,,,,,,,,,,,,,,,,,,,,,,,,,,,,,,,,,,,,,,,,,,,,,,,,,,,,,,,,,,,,,,,,,,,,,,,,,,,,,,,,,,,,,,,,,,,,,,,,,,,,,,,,,,,,,,,,,,,,,,,,,,,,,,,,,,,,,,,,,,,,,,,,,,,,,,,,,,,,,,,,,,,,,,,,,,,,,,,,,,,
loc.ark:/13960/t5fb6bv9m,Science and art of elocution.,"Williams, Daniel B. b. 1861.","D. B. Williams, 1894.",1894,,,,,,,,,,,,,,,,,,,,,,,,,,,,,,,,,,,,,,,,,,,,,,,,,,,,,,,,,,,,,,,,,,,,,,,,,,,,,,,,,,,,,,,,,,,,,,,,,,,,,,,,,,,,,,,,,,,,,,,,,,,,,,,,,,,,,,,,,,,,,,,,,,,,,,,,,,,,,,,,,,,,,,,,,,,,,,,,,,,,,,,,,,,,,,,,,,,,,,,,,,,,,,,,,,,,,,,,,,,,,,,,,,,,,,,,,,,,,,,,,,,,,,,,,,,,,,,,,,,,,,,,,,,,,,,,,,,,,,,,,,,,,,,,,,,,,,,,,,,,,,,,,,,,,,,,,,,,,,,,,,,,,,,,,,,,,,,,,,,,,,,,,,,,,,,,,,,,,,,,,,,,,,,,,,,,,,,,,,,,,,,,,,,,,,,,,,,,,,,,,,,,,,,,,
loc.ark:/13960/t5k94gd83,"Elocution simplified; or, How to read and speak correctly and effectively ...","Kyger, John Charles Fremont. [from old catalog]","Claremont Manuafacturing Co., 1884.",1884,,,,,,,,,,,,,,,,,,,,,,,,,,,,,,,,,,,,,,,,,,,,,,,,,,,,,,,,,,,,,,,,,,,,,,,,,,,,,,,,,,,,,,,,,,,,,,,,,,,,,,,,,,,,,,,,,,,,,,,,,,,,,,,,,,,,,,,,,,,,,,,,,,,,,,,,,,,,,,,,,,,,,,,,,,,,,,,,,,,,,,,,,,,,,,,,,,,,,,,,,,,,,,,,,,,,,,,,,,,,,,,,,,,,,,,,,,,,,,,,,,,,,,,,,,,,,,,,,,,,,,,,,,,,,,,,,,,,,,,,,,,,,,,,,,,,,,,,,,,,,,,,,,,,,,,,,,,,,,,,,,,,,,,,,,,,,,,,,,,,,,,,,,,,,,,,,,,,,,,,,,,,,,,,,,,,,,,,,,,,,,,,,,,,,,,,,,,,,,,,,,,,,,,,,
loc.ark:/13960/t5x64sd4z,An argument for the study of expression...,"Fox, Frank S. [from old catalog]",1896,1896,,,,,,,,,,,,,,,,,,,,,,,,,,,,,,,,,,,,,,,,,,,,,,,,,,,,,,,,,,,,,,,,,,,,,,,,,,,,,,,,,,,,,,,,,,,,,,,,,,,,,,,,,,,,,,,,,,,,,,,,,,,,,,,,,,,,,,,,,,,,,,,,,,,,,,,,,,,,,,,,,,,,,,,,,,,,,,,,,,,,,,,,,,,,,,,,,,,,,,,,,,,,,,,,,,,,,,,,,,,,,,,,,,,,,,,,,,,,,,,,,,,,,,,,,,,,,,,,,,,,,,,,,,,,,,,,,,,,,,,,,,,,,,,,,,,,,,,,,,,,,,,,,,,,,,,,,,,,,,,,,,,,,,,,,,,,,,,,,,,,,,,,,,,,,,,,,,,,,,,,,,,,,,,,,,,,,,,,,,,,,,,,,,,,,,,,,,,,,,,,,,,,,,,,,
loc.ark:/13960/t9j402197,An instructive elocution: designed especially for teachers and private learners. By W. H. Fertich.,"Fertich, W. H., 1847-1915.","The author, 1876.",1876,,,,,,,,,,,,,,,,,,,,,,,,,,,,,,,,,,,,,,,,,,,,,,,,,,,,,,,,,,,,,,,,,,,,,,,,,,,,,,,,,,,,,,,,,,,,,,,,,,,,,,,,,,,,,,,,,,,,,,,,,,,,,,,,,,,,,,,,,,,,,,,,,,,,,,,,,,,,,,,,,,,,,,,,,,,,,,,,,,,,,,,,,,,,,,,,,,,,,,,,,,,,,,,,,,,,,,,,,,,,,,,,,,,,,,,,,,,,,,,,,,,,,,,,,,,,,,,,,,,,,,,,,,,,,,,,,,,,,,,,,,,,,,,,,,,,,,,,,,,,,,,,,,,,,,,,,,,,,,,,,,,,,,,,,,,,,,,,,,,,,,,,,,,,,,,,,,,,,,,,,,,,,,,,,,,,,,,,,,,,,,,,,,,,,,,,,,,,,,,,,,,,,,,,,
mdp.39015014295912,"Delsarte system of oratory, including the complete works of M. Fabbe Delaumosne and Mme. Angelique Arnaud (pupils of Delsarte) with the literary remains of Fran√ßois Delsarte, procured of Mme. Delsarte and given literally in Delsarte's own words, without alteration or annotation, and addenda.","Delaumosne, abb√©.","E. S. Werner, 1887.",1887,,,,,,,,,,,,,,,,,,,,,,,,,,,,,,,,,,,,,,,,,,,,,,,,,,,,,,,,,,,,,,,,,,,,,,,,,,,,,,,,,,,,,,,,,,,,,,,,,,,,,,,,,,,,,,,,,,,,,,,,,,,,,,,,,,,,,,,,,,,,,,,,,,,,,,,,,,,,,,,,,,,,,,,,,,,,,,,,,,,,,,,,,,,,,,,,,,,,,,,,,,,,,,,,,,,,,,,,,,,,,,,,,,,,,,,,,,,,,,,,,,,,,,,,,,,,,,,,,,,,,,,,,,,,,,,,,,,,,,,,,,,,,,,,,,,,,,,,,,,,,,,,,,,,,,,,,,,,,,,,,,,,,,,,,,,,,,,,,,,,,,,,,,,,,,,,,,,,,,,,,,,,,,,,,,,,,,,,,,,,,,,,,,,,,,,,,,,,,,,,,,,,,,,,,
mdp.39015014634706,"Elements of elocution, 1781.","Walker, John, 1732-1807.","Scolar P., 1969.",1969,,,,,,,,,,,,,,,,,,,,,,,,,,,,,,,,,,,,,,,,,,,,,,,,,,,,,,,,,,,,,,,,,,,,,,,,,,,,,,,,,,,,,,,,,,,,,,,,,,,,,,,,,,,,,,,,,,,,,,,,,,,,,,,,,,,,,,,,,,,,,,,,,,,,,,,,,,,,,,,,,,,,,,,,,,,,,,,,,,,,,,,,,,,,,,,,,,,,,,,,,,,,,,,,,,,,,,,,,,,,,,,,,,,,,,,,,,,,,,,,,,,,,,,,,,,,,,,,,,,,,,,,,,,,,,,,,,,,,,,,,,,,,,,,,,,,,,,,,,,,,,,,,,,,,,,,,,,,,,,,,,,,,,,,,,,,,,,,,,,,,,,,,,,,,,,,,,,,,,,,,,,,,,,,,,,,,,,,,,,,,,,,,,,,,,,,,,,,,,,,,,,,,,,,,
mdp.39015030866548,"Student's class-book of elocution; a manual containing the fundamental principles of the art of expression,--drills and exercises for the improvement of vocal utterance and oratorical action,--and a copious selection of pieces suitable for practice in public reading and declamation in three courses,","Barthel, Dominic.","St. Meinrad's abbey, 1927.",1927,,,,,,,,,,,,,,,,,,,,,,,,,,,,,,,,,,,,,,,,,,,,,,,,,,,,,,,,,,,,,,,,,,,,,,,,,,,,,,,,,,,,,,,,,,,,,,,,,,,,,,,,,,,,,,,,,,,,,,,,,,,,,,,,,,,,,,,,,,,,,,,,,,,,,,,,,,,,,,,,,,,,,,,,,,,,,,,,,,,,,,,,,,,,,,,,,,,,,,,,,,,,,,,,,,,,,,,,,,,,,,,,,,,,,,,,,,,,,,,,,,,,,,,,,,,,,,,,,,,,,,,,,,,,,,,,,,,,,,,,,,,,,,,,,,,,,,,,,,,,,,,,,,,,,,,,,,,,,,,,,,,,,,,,,,,,,,,,,,,,,,,,,,,,,,,,,,,,,,,,,,,,,,,,,,,,,,,,,,,,,,,,,,,,,,,,,,,,,,,,,,,,,,,,,
mdp.39015052562389,"Elocution do's and dont's,","Bagley, Louie.",Frederick A. Stokes company [1926],1926,,,,,,,,,,,,,,,,,,,,,,,,,,,,,,,,,,,,,,,,,,,,,,,,,,,,,,,,,,,,,,,,,,,,,,,,,,,,,,,,,,,,,,,,,,,,,,,,,,,,,,,,,,,,,,,,,,,,,,,,,,,,,,,,,,,,,,,,,,,,,,,,,,,,,,,,,,,,,,,,,,,,,,,,,,,,,,,,,,,,,,,,,,,,,,,,,,,,,,,,,,,,,,,,,,,,,,,,,,,,,,,,,,,,,,,,,,,,,,,,,,,,,,,,,,,,,,,,,,,,,,,,,,,,,,,,,,,,,,,,,,,,,,,,,,,,,,,,,,,,,,,,,,,,,,,,,,,,,,,,,,,,,,,,,,,,,,,,,,,,,,,,,,,,,,,,,,,,,,,,,,,,,,,,,,,,,,,,,,,,,,,,,,,,,,,,,,,,,,,,,,,,,,,,,
mdp.39015073717657,"Bibliography of speech education, compiled by Lester Thonssen [and] Elizabeth Fatherson, with the assistance of Dorothea Thonssen.","Thonssen, Lester, 1904-","Wilson, 1939.",1939,,,,,,,,,,,,,,,,,,,,,,,,,,,,,,,,,,,,,,,,,,,,,,,,,,,,,,,,,,,,,,,,,,,,,,,,,,,,,,,,,,,,,,,,,,,,,,,,,,,,,,,,,,,,,,,,,,,,,,,,,,,,,,,,,,,,,,,,,,,,,,,,,,,,,,,,,,,,,,,,,,,,,,,,,,,,,,,,,,,,,,,,,,,,,,,,,,,,,,,,,,,,,,,,,,,,,,,,,,,,,,,,,,,,,,,,,,,,,,,,,,,,,,,,,,,,,,,,,,,,,,,,,,,,,,,,,,,,,,,,,,,,,,,,,,,,,,,,,,,,,,,,,,,,,,,,,,,,,,,,,,,,,,,,,,,,,,,,,,,,,,,,,,,,,,,,,,,,,,,,,,,,,,,,,,,,,,,,,,,,,,,,,,,,,,,,,,,,,,,,,,,,,,,,,
mdp.39015076438525,General catalogue.,Olivet College.,,1894,,,,,,,,,,,,,,,,,,,,,,,,,,,,,,,,,,,,,,,,,,,,,,,,,,,,,,,,,,,,,,,,,,,,,,,,,,,,,,,,,,,,,,,,,,,,,,,,,,,,,,,,,,,,,,,,,,,,,,,,,,,,,,,,,,,,,,,,,,,,,,,,,,,,,,,,,,,,,,,,,,,,,,,,,,,,,,,,,,,,,,,,,,,,,,,,,,,,,,,,,,,,,,,,,,,,,,,,,,,,,,,,,,,,,,,,,,,,,,,,,,,,,,,,,,,,,,,,,,,,,,,,,,,,,,,,,,,,,,,,,,,,,,,,,,,,,,,,,,,,,,,,,,,,,,,,,,,,,,,,,,,,,,,,,,,,,,,,,,,,,,,,,,,,,,,,,,,,,,,,,,,,,,,,,,,,,,,,,,,,,,,,,,,,,,,,,,,,,,,,,,,,,,,,,
msu.31293006398774,A handbook of elocution; a practical guide to acquiring a distinct and expressive delivery. With an introduction by Sir Edward Clarke.,"Minshall, Edward.",J. Murray [1924],1922,,,,,,,,,,,,,,,,,,,,,,,,,,,,,,,,,,,,,,,,,,,,,,,,,,,,,,,,,,,,,,,,,,,,,,,,,,,,,,,,,,,,,,,,,,,,,,,,,,,,,,,,,,,,,,,,,,,,,,,,,,,,,,,,,,,,,,,,,,,,,,,,,,,,,,,,,,,,,,,,,,,,,,,,,,,,,,,,,,,,,,,,,,,,,,,,,,,,,,,,,,,,,,,,,,,,,,,,,,,,,,,,,,,,,,,,,,,,,,,,,,,,,,,,,,,,,,,,,,,,,,,,,,,,,,,,,,,,,,,,,,,,,,,,,,,,,,,,,,,,,,,,,,,,,,,,,,,,,,,,,,,,,,,,,,,,,,,,,,,,,,,,,,,,,,,,,,,,,,,,,,,,,,,,,,,,,,,,,,,,,,,,,,,,,,,,,,,,,,,,,,,,,,,,,
njp.32101055311094,"Lessons in elocution and expressive reading for boys : with a choice selection of extracts for reading and repetition annotated for expression and the analysis of sentences, illustrating a new theory of emphasis and pauses / by A.K. Isbister.","Isbister, Alexander Kennedy, 1822-1883.","Longmans, Green, and Co., 1884.",1884,3,0,1,1,0,1,0,0,0,,0,0,0,,,,,,,,0,0,0,0,0,0,0,0,0,0,0,1,0,0,0,1,0,0,0,0,0,0,0,0,0,0,0,0,0,0,0,0,0,0,1,0,,0,0,0,0,0,,,,,,,,,0,0,,,,,,,,0,0,0,0,1,0,0,0,0,0,1,1,0,0,0,0,0,1,1,0,0,0,2,0,0,1,0,0,0,0,0,0,1,0,0,0,0,0,0,0,0,1,0,0,0,0,0,1,0,0,0,0,0,0,1,0,0,0,0,0,0,0,0,0,0,1,0,0,0,0,0,0,0,0,0,0,,0,0,0,0,0,1,0,0,0,0,0,,0,0,0,0,0,0,0,0,,0,0,0,0,0,1,0,0,0,0,0,1,0,0,0,0,0,0,0,0,0,0,0,0,0,0,0,0,0,0,,,,,0,0,0,1,0,0,0,0,0,0,0,0,0,0,0,0,0,0,0,0,0,0,0,0,0,0,0,0,0,0,0,0,0,,0,0,0,0,0,0,0,0,0,0,0,0,0,0,,0,0,0,0,0,0,0,0,0,0,0,0,0,0,0,0,0,0,0,0,1,0,0,0,0,0,0,1,0,0,0,0,0,0,0,0,0,0,0,0,1,0,0,0,0,0,0,0,0,0,0,0,0,0,0,0,0,0,0,0,0,0,0,0,0,0,1,0,0,0,0,0,0,0,0,0,0,0,0,0,0,0,0,0,0,,0,,0,0,0,0,,,0,0,0,0,0,,0,0,0,0,0,0,0,0,0,0,0,0,0,0,0,0,,0,0,,0,0,0,,,0,0,,,0,0,0,0,0,,,0,0,0,0,0,0,0,0,0,eng,22,5,1
njp.32101063583890,A manual of elocution and reading. Embracing the principles and practice of elocution ... By Edward Brooks ...,"Brooks, Edward, 1831-1912.","Eldredge & brother, 1882.",1882,,,,,,,,,,,,,,,,,,,,,,,,,,,,,,,,,,,,,,,,,,,,,,,,,,,,,,,,,,,,,,,,,,,,,,,,,,,,,,,,,,,,,,,,,,,,,,,,,,,,,,,,,,,,,,,,,,,,,,,,,,,,,,,,,,,,,,,,,,,,,,,,,,,,,,,,,,,,,,,,,,,,,,,,,,,,,,,,,,,,,,,,,,,,,,,,,,,,,,,,,,,,,,,,,,,,,,,,,,,,,,,,,,,,,,,,,,,,,,,,,,,,,,,,,,,,,,,,,,,,,,,,,,,,,,,,,,,,,,,,,,,,,,,,,,,,,,,,,,,,,,,,,,,,,,,,,,,,,,,,,,,,,,,,,,,,,,,,,,,,,,,,,,,,,,,,,,,,,,,,,,,,,,,,,,,,,,,,,,,,,,,,,,,,,,,,,,,,,,,,,,,,,,,,,
njp.32101067671543,"A help to elocution, containig three essays: I. On reading and declamation ... II. On the marks and characters of the different passions and affections of the mind; III. On composition ... To which is added a very large collection of examples in prose and verse, selected from the best authors ...",,"Printed for Fielding and Walker ... and J. Macgowan, 1780.",1780,0,0,0,0,0,1,5,1,0,,0,0,0,,,,,,1,1,0,0,0,0,0,0,0,0,0,0,0,0,0,0,0,0,0,0,0,0,0,0,0,0,0,0,0,0,0,0,0,0,0,0,0,0,0,0,0,0,0,0,,,1,,,1,3,1,0,2,1,1,9,4,2,9,4,1,0,0,0,0,0,0,0,0,0,0,0,0,0,0,0,0,0,1,0,0,0,0,0,0,0,0,0,0,0,0,0,0,0,0,0,0,0,0,0,0,0,0,5,0,0,0,0,0,0,0,0,0,2,0,1,6,3,2,0,0,0,0,0,0,0,0,0,0,0,0,0,0,0,0,0,0,0,0,0,0,0,0,0,0,0,0,0,0,0,0,0,0,0,0,0,0,,0,0,0,0,0,0,0,0,0,0,0,0,0,0,0,0,0,0,0,0,0,0,0,0,0,0,0,0,0,0,,,,,0,0,0,0,0,0,0,0,0,0,0,0,0,0,0,0,0,0,0,0,0,0,0,0,0,0,0,0,0,0,0,0,0,,0,0,0,0,0,0,0,0,0,0,0,0,0,0,,0,0,0,0,0,0,0,0,0,0,0,0,0,0,0,0,0,0,0,0,0,0,0,0,0,0,0,0,0,0,0,0,0,0,0,0,0,0,0,0,0,0,0,0,0,0,0,0,0,0,0,0,0,0,0,0,0,0,0,0,0,0,0,0,0,0,0,0,0,0,0,0,0,0,0,0,0,0,0,0,0,0,0,0,0,,0,,0,0,0,0,,,0,0,0,0,0,0,0,0,0,0,0,0,0,0,0,0,0,0,0,0,0,0,0,0,0,0,0,0,0,0,0,0,0,0,0,0,0,0,0,0,0,0,0,0,0,0,0,0,0,0,0,eng,25,0,1
nyp.33433066603014,Greening's popular reciter and the art of elocution and public speaking : being simple explanations of the various branches of elocution : together with lessons for self-instruction / by Ross Ferguson ; with an introduction by George Alexander.,"Ferguson, Ross.","Greening & Co., 1904.",1904,,,,,,,,,,,,,,,,,,,,,,,,,,,,,,,,,,,,,,,,,,,,,,,,,,,,,,,,,,,,,,,,,,,,,,,,,,,,,,,,,,,,,,,,,,,,,,,,,,,,,,,,,,,,,,,,,,,,,,,,,,,,,,,,,,,,,,,,,,,,,,,,,,,,,,,,,,,,,,,,,,,,,,,,,,,,,,,,,,,,,,,,,,,,,,,,,,,,,,,,,,,,,,,,,,,,,,,,,,,,,,,,,,,,,,,,,,,,,,,,,,,,,,,,,,,,,,,,,,,,,,,,,,,,,,,,,,,,,,,,,,,,,,,,,,,,,,,,,,,,,,,,,,,,,,,,,,,,,,,,,,,,,,,,,,,,,,,,,,,,,,,,,,,,,,,,,,,,,,,,,,,,,,,,,,,,,,,,,,,,,,,,,,,,,,,,,,,,,,,,,,,,,,,,,
nyp.33433066604699,The essentials of elocution / by Alfred Ayres.,"Ayres, Alfred, 1826?-1902.","Funk & Wagnalls Company, c1897.",1897,,,,,,,,,,,,,,,,,,,,,,,,,,,,,,,,,,,,,,,,,,,,,,,,,,,,,,,,,,,,,,,,,,,,,,,,,,,,,,,,,,,,,,,,,,,,,,,,,,,,,,,,,,,,,,,,,,,,,,,,,,,,,,,,,,,,,,,,,,,,,,,,,,,,,,,,,,,,,,,,,,,,,,,,,,,,,,,,,,,,,,,,,,,,,,,,,,,,,,,,,,,,,,,,,,,,,,,,,,,,,,,,,,,,,,,,,,,,,,,,,,,,,,,,,,,,,,,,,,,,,,,,,,,,,,,,,,,,,,,,,,,,,,,,,,,,,,,,,,,,,,,,,,,,,,,,,,,,,,,,,,,,,,,,,,,,,,,,,,,,,,,,,,,,,,,,,,,,,,,,,,,,,,,,,,,,,,,,,,,,,,,,,,,,,,,,,,,,,,,,,,,,,,,,,
nyp.33433068278179,"Pulpit elocution: Comprising remarks on the effect of manner in public discourse; the elements of elocution, applied to the reading of the scriptures, hymns, and sermons; with observations on the principles of gesture; and a selection of exercises in reading and speaking.","Russell, William.","Draper and Halliday, 1867.",1867,,,,,,,,,,,,,,,,,,,,,,,,,,,,,,,,,,,,,,,,,,,,,,,,,,,,,,,,,,,,,,,,,,,,,,,,,,,,,,,,,,,,,,,,,,,,,,,,,,,,,,,,,,,,,,,,,,,,,,,,,,,,,,,,,,,,,,,,,,,,,,,,,,,,,,,,,,,,,,,,,,,,,,,,,,,,,,,,,,,,,,,,,,,,,,,,,,,,,,,,,,,,,,,,,,,,,,,,,,,,,,,,,,,,,,,,,,,,,,,,,,,,,,,,,,,,,,,,,,,,,,,,,,,,,,,,,,,,,,,,,,,,,,,,,,,,,,,,,,,,,,,,,,,,,,,,,,,,,,,,,,,,,,,,,,,,,,,,,,,,,,,,,,,,,,,,,,,,,,,,,,,,,,,,,,,,,,,,,,,,,,,,,,,,,,,,,,,,,,,,,,,,,,,,,
nyp.33433069241622,Exercises in reading and recitation.,"Barber, Jonathan, 1784-1864,","Published by the author, 1828.",1828,,,,,,,,,,,,,,,,,,,,,,,,,,,,,,,,,,,,,,,,,,,,,,,,,,,,,,,,,,,,,,,,,,,,,,,,,,,,,,,,,,,,,,,,,,,,,,,,,,,,,,,,,,,,,,,,,,,,,,,,,,,,,,,,,,,,,,,,,,,,,,,,,,,,,,,,,,,,,,,,,,,,,,,,,,,,,,,,,,,,,,,,,,,,,,,,,,,,,,,,,,,,,,,,,,,,,,,,,,,,,,,,,,,,,,,,,,,,,,,,,,,,,,,,,,,,,,,,,,,,,,,,,,,,,,,,,,,,,,,,,,,,,,,,,,,,,,,,,,,,,,,,,,,,,,,,,,,,,,,,,,,,,,,,,,,,,,,,,,,,,,,,,,,,,,,,,,,,,,,,,,,,,,,,,,,,,,,,,,,,,,,,,,,,,,,,,,,,,,,,,,,,,,,,,
nyp.33433082511753,"The art of rhetoric made easy: or, The elements of oratory briefly stated, and fitted for the practice of the studious youth of Great Britain and Ireland: in two books. The first comprehending the principles of that excellent art, conformable to, and supported by the authority of the most accurate orators and rhetoricians, both ancient and modern ... The second containing the substance of Longinus's celebrated treatise On the sublime. In both which all technical terms are fully explained. The second impression corrected and improved. By John Holmes ...","Holmes, John, 1703-1759.","Printed for and sold by C. Hitch, and L. Hawes, 1755.",1755,0,0,0,0,0,0,0,0,0,,0,0,0,,,,,,,,0,0,0,0,0,1,0,0,0,0,0,0,0,0,0,0,0,0,0,0,0,0,0,0,0,0,0,0,0,0,0,0,0,0,0,0,1,0,0,0,0,0,,,,,,,,,0,0,,,,,,,,0,0,0,0,0,0,0,0,0,0,0,0,0,0,0,0,0,0,0,0,0,0,0,0,0,0,0,0,0,0,0,0,0,0,0,0,0,0,0,0,0,0,0,0,0,0,0,0,0,0,0,0,0,0,0,0,0,0,0,0,0,0,0,0,0,0,0,0,0,1,0,0,0,0,0,0,1,0,0,0,0,0,0,0,0,0,0,0,1,1,0,0,0,0,0,0,0,,0,0,0,0,0,0,0,0,0,0,0,0,0,0,0,0,0,0,0,0,0,0,0,0,0,0,0,0,0,0,,,,,0,0,0,0,0,0,0,0,0,0,0,0,0,0,0,0,0,0,0,0,0,0,0,0,0,0,0,0,0,0,0,0,0,,0,0,0,0,0,0,0,0,0,0,0,0,0,0,,0,0,0,0,0,0,0,0,0,0,0,0,0,0,0,0,0,0,0,0,0,0,0,0,0,0,0,0,0,0,0,0,0,0,0,0,0,0,0,0,0,0,0,0,0,0,0,0,0,0,0,0,0,0,0,0,0,0,0,0,0,0,0,0,0,0,0,0,0,0,0,0,0,0,0,0,0,0,0,0,0,0,0,0,0,,0,,0,0,0,0,,,0,0,0,0,0,0,0,0,0,0,0,0,0,0,0,0,0,0,0,0,0,0,,0,0,1,0,0,1,1,1,0,0,1,1,0,0,0,0,0,1,1,1,0,0,0,0,0,0,0,0,eng,6,0,1
osu.32435002646396,"Elocution, voice & gesture. Illustrated by pieces, annotated with inflections, emphasis, pauses and gesture. By Rupert Garry.","Garry, Rupert.","Bemrose and Sons, 1888.",1888,3,0,0,0,0,0,0,0,0,,0,0,0,,,,,,,,1,0,0,1,0,0,0,0,0,0,0,0,0,0,0,0,0,0,0,0,0,0,0,0,0,0,0,0,0,0,0,0,0,0,0,0,0,0,0,0,0,0,,,,,,,,,0,0,,,,,,,,0,0,1,0,0,0,0,0,0,0,0,0,0,0,0,0,0,0,0,0,0,0,0,0,0,0,0,0,0,0,0,0,1,0,1,0,0,0,0,0,0,0,0,0,0,0,1,0,1,0,0,0,0,0,0,0,0,0,0,0,0,0,0,0,0,1,0,0,0,0,0,0,0,0,0,0,0,0,0,1,0,0,0,0,0,0,0,0,0,0,0,0,0,0,0,0,0,,0,0,0,0,0,0,0,0,0,0,0,0,0,0,0,0,0,0,0,0,0,0,0,0,0,0,0,0,0,0,,,,,0,0,0,1,0,0,0,0,0,0,0,0,0,0,0,0,1,0,0,0,0,0,0,0,0,0,0,0,0,0,0,0,0,,0,0,0,0,0,0,0,0,0,0,0,0,0,0,,0,0,0,0,0,0,0,0,0,0,0,0,0,0,0,0,0,0,0,0,0,0,0,0,0,0,0,0,0,0,0,0,0,0,0,0,0,0,0,0,,0,0,0,0,0,0,0,0,0,0,0,0,0,0,0,0,0,0,0,0,0,0,0,0,0,0,0,0,0,0,0,0,0,0,0,0,0,0,0,0,0,0,0,0,,0,,0,0,0,0,,,0,0,0,0,0,,0,0,0,0,0,0,0,0,0,0,1,0,0,0,0,0,,0,0,0,0,0,0,0,0,0,0,0,0,1,0,0,0,0,0,0,0,1,1,0,0,1,0,0,0,eng,8,4,1
osu.32435083480921,"The academic Cicero; or exercises in modern oratory : containing specimens of the bar, the pulpit, the senate, the stage, and popular assemblies; with historical illustrations in the form of notes. To which is prefixed an abridgment of Walker's Elements of Elocution / by Robert James Ball.","Ball, R. J.","John Cumming, 1823.",1823,0,0,0,0,0,0,0,0,0,,0,0,0,,6,2,2,1,0,0,0,0,0,3,0,0,0,0,0,0,4,0,2,0,0,0,0,0,0,0,0,0,0,0,6,0,0,0,0,0,0,0,0,0,0,0,0,0,0,8,0,0,1,1,0,4,5,0,0,1,0,0,0,0,0,0,0,0,0,0,0,0,0,7,0,8,0,0,0,0,0,0,0,0,0,0,0,0,0,0,0,0,0,0,0,0,0,0,0,0,0,0,0,0,0,0,0,0,0,0,0,0,0,0,0,0,0,0,0,0,0,0,0,0,0,0,0,0,0,0,0,0,0,0,0,0,0,0,0,0,0,0,0,0,0,0,0,1,0,0,0,0,0,0,0,0,0,0,0,0,0,0,0,0,0,0,,0,1,0,0,0,0,0,0,0,0,0,0,0,0,0,0,0,0,0,0,0,0,0,0,0,0,0,0,0,0,,,,,0,0,0,0,0,0,0,0,0,0,0,0,0,0,0,0,0,0,0,0,0,0,0,0,0,0,0,0,0,0,0,0,0,,0,0,0,0,0,0,0,0,0,0,0,0,0,0,,0,0,0,0,0,0,0,0,0,0,0,0,0,0,0,0,0,0,0,0,0,0,0,0,0,0,0,0,0,0,0,0,0,0,0,0,0,0,0,0,0,0,0,0,0,0,0,0,0,0,0,0,0,0,0,0,0,0,0,0,0,0,0,0,0,0,0,0,0,0,0,0,0,0,0,0,0,0,0,0,0,0,0,0,0,,0,,0,0,0,0,,,0,0,0,0,0,0,0,0,0,0,0,0,0,0,0,0,0,0,0,0,0,0,0,0,0,0,0,0,0,0,0,0,0,0,0,0,0,0,0,0,0,0,0,0,0,0,0,0,0,0,0,eng,16,0,1
uc1.$b257911,"A system of rhetoric, in a method entirely new; ccontaining all the tropes and figures necessary to illustrate the classics, both poetical and historical. By John Sterling, M.A. To which is added, The art of rhetoric made easy, or The elements of oratory ... illustrated with proper examples to each figure, and a collection of speeches from the best English authors. By John Holmes.","Stirling, John, -1777.","A. Stewart, 1806.",1806,,,,,,,,,,,,,,,,,,,,,,,,,,,,,,,,,,,,,,,,,,,,,,,,,,,,,,,,,,,,,,,,,,,,,,,,,,,,,,,,,,,,,,,,,,,,,,,,,,,,,,,,,,,,,,,,,,,,,,,,,,,,,,,,,,,,,,,,,,,,,,,,,,,,,,,,,,,,,,,,,,,,,,,,,,,,,,,,,,,,,,,,,,,,,,,,,,,,,,,,,,,,,,,,,,,,,,,,,,,,,,,,,,,,,,,,,,,,,,,,,,,,,,,,,,,,,,,,,,,,,,,,,,,,,,,,,,,,,,,,,,,,,,,,,,,,,,,,,,,,,,,,,,,,,,,,,,,,,,,,,,,,,,,,,,,,,,,,,,,,,,,,,,,,,,,,,,,,,,,,,,,,,,,,,,,,,,,,,,,,,,,,,,,,,,,,,,,,,,,,,,,,,,,,,
uc1.$b273632,"School elocution; a manual of vocal training in high schools, normal schools, and academies, by John Swett ...","Swett, John, 1830-1913.","American book company, [c1884]",1884,,,,,,,,,,,,,,,,,,,,,,,,,,,,,,,,,,,,,,,,,,,,,,,,,,,,,,,,,,,,,,,,,,,,,,,,,,,,,,,,,,,,,,,,,,,,,,,,,,,,,,,,,,,,,,,,,,,,,,,,,,,,,,,,,,,,,,,,,,,,,,,,,,,,,,,,,,,,,,,,,,,,,,,,,,,,,,,,,,,,,,,,,,,,,,,,,,,,,,,,,,,,,,,,,,,,,,,,,,,,,,,,,,,,,,,,,,,,,,,,,,,,,,,,,,,,,,,,,,,,,,,,,,,,,,,,,,,,,,,,,,,,,,,,,,,,,,,,,,,,,,,,,,,,,,,,,,,,,,,,,,,,,,,,,,,,,,,,,,,,,,,,,,,,,,,,,,,,,,,,,,,,,,,,,,,,,,,,,,,,,,,,,,,,,,,,,,,,,,,,,,,,,,,,,
uc1.$b662809,"Hints on elocution, and how to become an actor, original and compiled by Chas. W. Smith, with many additions by A. D. Ames.","Smith, Charles William.","A. D. Ames, [c1871]",1871,,,,,,,,,,,,,,,,,,,,,,,,,,,,,,,,,,,,,,,,,,,,,,,,,,,,,,,,,,,,,,,,,,,,,,,,,,,,,,,,,,,,,,,,,,,,,,,,,,,,,,,,,,,,,,,,,,,,,,,,,,,,,,,,,,,,,,,,,,,,,,,,,,,,,,,,,,,,,,,,,,,,,,,,,,,,,,,,,,,,,,,,,,,,,,,,,,,,,,,,,,,,,,,,,,,,,,,,,,,,,,,,,,,,,,,,,,,,,,,,,,,,,,,,,,,,,,,,,,,,,,,,,,,,,,,,,,,,,,,,,,,,,,,,,,,,,,,,,,,,,,,,,,,,,,,,,,,,,,,,,,,,,,,,,,,,,,,,,,,,,,,,,,,,,,,,,,,,,,,,,,,,,,,,,,,,,,,,,,,,,,,,,,,,,,,,,,,,,,,,,,,,,,,,,
uc1.b4498124,"An hour with Delsarte; a study of expression, by Anna Morgan. Illustrated by Rose Mueller Sprague and Marian Reynolds.","Morgan, Anna, d. 1936.","Lee and Shepard, 1889.",1889,,,,,,,,,,,,,,,,,,,,,,,,,,,,,,,,,,,,,,,,,,,,,,,,,,,,,,,,,,,,,,,,,,,,,,,,,,,,,,,,,,,,,,,,,,,,,,,,,,,,,,,,,,,,,,,,,,,,,,,,,,,,,,,,,,,,,,,,,,,,,,,,,,,,,,,,,,,,,,,,,,,,,,,,,,,,,,,,,,,,,,,,,,,,,,,,,,,,,,,,,,,,,,,,,,,,,,,,,,,,,,,,,,,,,,,,,,,,,,,,,,,,,,,,,,,,,,,,,,,,,,,,,,,,,,,,,,,,,,,,,,,,,,,,,,,,,,,,,,,,,,,,,,,,,,,,,,,,,,,,,,,,,,,,,,,,,,,,,,,,,,,,,,,,,,,,,,,,,,,,,,,,,,,,,,,,,,,,,,,,,,,,,,,,,,,,,,,,,,,,,,,,,,,,,
uc2.ark:/13960/t53f4q13p,"New science of elocution. The elements and principles of vocal expression in lessons, with exercises and selections systematically arranged for acquiring the art of reading and speaking. By S. S. Hamill.","Hamill, S. S.","Eaton & Mains, [c1886]",1886,9,0,0,0,0,0,0,0,0,0,0,0,0,1,0,0,0,0,0,0,0,0,0,0,0,0,0,0,0,0,0,0,0,0,0,0,0,0,1,0,0,0,0,0,0,0,0,0,0,1,0,0,0,1,0,0,0,0,0,0,0,0,0,0,0,0,0,0,0,0,0,0,0,0,0,0,0,0,0,0,0,0,0,0,0,0,1,0,0,1,1,0,0,0,0,0,0,0,0,1,0,3,0,0,0,0,0,0,0,0,0,1,0,0,0,0,0,0,0,0,0,0,0,0,0,0,0,0,0,2,0,0,1,3,0,0,0,0,0,0,0,0,0,0,4,0,0,0,0,0,1,0,0,0,0,0,0,1,1,0,0,0,0,0,0,0,0,0,0,0,0,0,0,0,0,0,0,0,0,0,0,0,0,0,0,0,0,0,0,0,0,0,0,0,0,0,0,1,0,0,0,0,0,1,0,0,0,,,,,0,0,0,2,0,0,0,0,0,0,0,0,0,0,0,0,0,0,0,0,0,2,1,0,0,0,0,0,0,0,0,0,0,1,0,0,0,0,0,0,0,0,0,0,0,0,1,0,2,0,1,0,0,0,0,0,1,0,1,0,0,0,1,0,1,0,0,0,0,4,0,0,0,1,0,4,2,1,0,0,0,0,0,2,2,0,0,0,0,0,0,0,0,0,0,2,0,0,0,0,0,0,0,0,0,0,1,0,0,0,0,0,0,0,0,0,0,1,1,0,0,0,0,0,0,0,0,0,0,0,0,1,1,1,1,0,1,,0,0,0,1,1,0,1,0,0,2,0,0,0,0,0,0,1,1,0,0,0,0,0,0,0,0,0,0,0,0,0,0,0,0,0,0,0,0,0,0,0,0,0,0,0,0,0,0,0,1,0,0,0,0,0,2,usa,20,32,1
uc2.ark:/13960/t7dr2sp5p,"Elements of elocution. Being the substance of a course of lectures on the art of reading, delivered at several colleges in the University of Oxford. By J. Walker.","Walker, John, 1732-1807.","Printed for the author, and sold by T. Cadell, T. Becket, G. Robinson, J. Dodsley, 1781.",1781,,,,,,,,,,,,,,,,,,,,,,,,,,,,,,,,,,,,,,,,,,,,,,,,,,,,,,,,,,,,,,,,,,,,,,,,,,,,,,,,,,,,,,,,,,,,,,,,,,,,,,,,,,,,,,,,,,,,,,,,,,,,,,,,,,,,,,,,,,,,,,,,,,,,,,,,,,,,,,,,,,,,,,,,,,,,,,,,,,,,,,,,,,,,,,,,,,,,,,,,,,,,,,,,,,,,,,,,,,,,,,,,,,,,,,,,,,,,,,,,,,,,,,,,,,,,,,,,,,,,,,,,,,,,,,,,,,,,,,,,,,,,,,,,,,,,,,,,,,,,,,,,,,,,,,,,,,,,,,,,,,,,,,,,,,,,,,,,,,,,,,,,,,,,,,,,,,,,,,,,,,,,,,,,,,,,,,,,,,,,,,,,,,,,,,,,,,,,,,,,,,,,,,,,,
uiug.30112052716039,Elocution and stage training.,"Ryder, Maxwell.","The Era, 1901.",1901,,,,,,,,,,,,,,,,,,,,,,,,,,,,,,,,,,,,,,,,,,,,,,,,,,,,,,,,,,,,,,,,,,,,,,,,,,,,,,,,,,,,,,,,,,,,,,,,,,,,,,,,,,,,,,,,,,,,,,,,,,,,,,,,,,,,,,,,,,,,,,,,,,,,,,,,,,,,,,,,,,,,,,,,,,,,,,,,,,,,,,,,,,,,,,,,,,,,,,,,,,,,,,,,,,,,,,,,,,,,,,,,,,,,,,,,,,,,,,,,,,,,,,,,,,,,,,,,,,,,,,,,,,,,,,,,,,,,,,,,,,,,,,,,,,,,,,,,,,,,,,,,,,,,,,,,,,,,,,,,,,,,,,,,,,,,,,,,,,,,,,,,,,,,,,,,,,,,,,,,,,,,,,,,,,,,,,,,,,,,,,,,,,,,,,,,,,,,,,,,,,,,,,,,,
uiug.30112067645124,Outlines of the art of elocution.,"Ohlson, James L.",1883,1883,9,0,1,1,0,6,5,0,0,,0,0,0,,,,,,,,,0,0,,0,1,1,1,1,2,1,1,1,0,3,0,,0,1,0,0,0,0,0,0,0,0,0,0,0,0,0,0,1,,0,,0,0,1,0,0,,,,,,,,,0,0,,,,,,,,0,0,,1,1,0,0,0,1,0,1,0,0,0,0,0,0,0,1,0,0,0,1,0,0,1,0,0,0,0,0,0,0,0,2,1,1,1,0,0,0,1,0,0,0,3,,0,0,0,1,0,0,2,0,0,0,0,0,0,0,0,0,0,0,3,0,0,0,,0,0,0,0,0,0,,0,1,0,0,0,0,0,0,0,0,0,,0,0,0,0,0,0,0,0,,0,0,0,0,0,0,0,0,0,0,0,0,0,0,1,0,0,0,1,1,3,0,0,0,0,0,0,0,0,0,,,,,0,0,0,3,0,0,0,0,0,0,0,0,0,0,0,0,,0,0,0,0,0,0,0,0,0,0,0,0,0,0,0,0,,0,0,0,0,0,0,0,0,0,0,0,0,0,0,,0,0,0,0,0,0,0,0,0,0,0,0,0,0,0,0,0,0,0,0,0,0,0,0,0,0,0,0,0,0,0,0,0,0,0,0,0,0,0,0,,0,0,0,0,0,0,0,0,0,0,0,0,0,0,0,0,0,0,0,0,1,0,0,0,0,0,0,0,0,0,0,0,0,0,0,0,0,0,0,0,0,0,0,0,,0,,0,0,0,0,,,0,0,0,0,0,,0,0,0,0,0,0,0,0,0,0,,0,0,0,0,0,,0,0,0,0,0,0,0,0,0,0,,,,0,0,0,0,,,0,,0,0,0,,0,0,0,eng,38,1,1
uiug.30112114853655,"The new hand-book of elocution, with rules for audible and correct pronunciation in reading and spelling.","Baynham, George Walter.","Porteous Brothers, 1876.",1876,,,,,,,,,,,,,,,,,,,,,,,,,,,,,,,,,,,,,,,,,,,,,,,,,,,,,,,,,,,,,,,,,,,,,,,,,,,,,,,,,,,,,,,,,,,,,,,,,,,,,,,,,,,,,,,,,,,,,,,,,,,,,,,,,,,,,,,,,,,,,,,,,,,,,,,,,,,,,,,,,,,,,,,,,,,,,,,,,,,,,,,,,,,,,,,,,,,,,,,,,,,,,,,,,,,,,,,,,,,,,,,,,,,,,,,,,,,,,,,,,,,,,,,,,,,,,,,,,,,,,,,,,,,,,,,,,,,,,,,,,,,,,,,,,,,,,,,,,,,,,,,,,,,,,,,,,,,,,,,,,,,,,,,,,,,,,,,,,,,,,,,,,,,,,,,,,,,,,,,,,,,,,,,,,,,,,,,,,,,,,,,,,,,,,,,,,,,,,,,,,,,,,,,,,
wu.89099901787,"The practical elocution book,/ by Victor MacClure.","MacClure, Victor, 1887-1963.","G. G. Harrap & co. ltd., [1928]",1928,,,,,,,,,,,,,,,,,,,,,,,,,,,,,,,,,,,,,,,,,,,,,,,,,,,,,,,,,,,,,,,,,,,,,,,,,,,,,,,,,,,,,,,,,,,,,,,,,,,,,,,,,,,,,,,,,,,,,,,,,,,,,,,,,,,,,,,,,,,,,,,,,,,,,,,,,,,,,,,,,,,,,,,,,,,,,,,,,,,,,,,,,,,,,,,,,,,,,,,,,,,,,,,,,,,,,,,,,,,,,,,,,,,,,,,,,,,,,,,,,,,,,,,,,,,,,,,,,,,,,,,,,,,,,,,,,,,,,,,,,,,,,,,,,,,,,,,,,,,,,,,,,,,,,,,,,,,,,,,,,,,,,,,,,,,,,,,,,,,,,,,,,,,,,,,,,,,,,,,,,,,,,,,,,,,,,,,,,,,,,,,,,,,,,,,,,,,,,,,,,,,,,,,,,
hvd.32044102875200,"Elements of rhetoric : comprising the substance of the article in the Encyclopaedia metropolitana with additions, &c. / by Richard Whateley.","Whateley, Richard","Printed by W. Baxter for John Murray, London and J. Parker, Oxford, 1828.",1828,0,0,0,0,0,0,0,0,0,1,0,0,0,,0,0,0,0,0,0,0,0,0,0,0,0,0,0,0,0,0,0,0,0,0,0,0,0,0,0,0,0,0,0,0,0,0,0,0,0,0,0,0,0,0,0,0,0,0,0,0,0,0,0,0,0,0,0,0,0,0,0,0,0,0,0,0,0,0,0,0,0,0,0,0,0,0,0,0,0,0,0,0,0,0,0,0,0,0,0,0,0,0,0,0,0,0,0,0,0,0,0,0,0,0,0,0,0,0,0,0,0,0,0,1,0,0,0,0,0,0,0,0,0,0,0,0,0,0,0,0,0,0,0,0,0,0,0,0,0,0,0,0,0,0,0,0,0,0,0,0,0,0,0,0,0,0,0,0,0,0,0,0,0,0,2,1,0,0,0,0,0,0,0,0,0,0,0,0,0,0,0,0,0,0,0,0,0,0,0,0,0,0,0,0,0,0,,,,,0,0,0,0,0,0,0,0,0,0,0,0,0,0,0,0,0,0,0,0,0,0,0,0,0,0,0,0,0,0,0,0,0,,0,0,0,0,0,0,0,0,0,0,0,0,0,0,,0,0,0,0,0,0,0,0,0,0,0,0,0,0,0,0,0,0,0,0,0,0,0,0,0,0,0,0,0,0,0,0,0,0,0,0,0,0,0,0,0,0,0,0,0,0,0,0,0,0,0,0,0,0,0,0,0,0,0,0,0,0,0,0,0,0,0,0,0,0,0,0,0,0,0,0,0,0,0,0,0,0,0,0,0,,0,,0,0,0,0,,,0,0,0,0,0,0,0,0,0,0,0,0,0,0,0,0,0,0,0,0,0,0,0,0,0,0,0,0,0,0,0,0,0,0,0,0,0,0,0,0,0,0,0,0,0,0,0,0,0,0,0,eng,4,0,1